id;title;description;category;photo;photo_content_type
1;Underpass models;bypassing synergies Infrastructure;Andorra magenta Mali;../fake-data/blob/hipster.png;image/png
2;installation;Leone deposit Fiji Dollar;HTTP orchid;../fake-data/blob/hipster.png;image/png
3;green port Markets;Self-enabling backing up Internal;Handmade Seychelles Rupee architectures;../fake-data/blob/hipster.png;image/png
4;indexing Human process improvement;Intelligent Concrete Cheese;Small Rubber Mouse Soft;../fake-data/blob/hipster.png;image/png
5;Garden United States Minor Outlying Islands Future;withdrawal rich;Money Market Account;../fake-data/blob/hipster.png;image/png
6;1080p Gorgeous Cotton Computer;Steel Facilitator;SSL client-driven;../fake-data/blob/hipster.png;image/png
7;extensible;Fresh Home transparent;Principal Algerian Dinar indigo;../fake-data/blob/hipster.png;image/png
8;Dominican Republic;Ouguiya North Dakota Auto Loan Account;transmitter;../fake-data/blob/hipster.png;image/png
9;Mouse engage infrastructures;Home Loan Account Sausages;experiences Shoes Accounts;../fake-data/blob/hipster.png;image/png
10;Orchestrator Uganda Ergonomic;synthesize Licensed Frozen Hat;hard drive Producer;../fake-data/blob/hipster.png;image/png
