id;username;password;photo;photo_content_type;creation_date;messages
1;Buckinghamshire Inte;SDD multimedia Soft;../fake-data/blob/hipster.png;image/png;2021-03-14;77200
2;benchmark Kids invoi;Rustic Soft Bike ite;../fake-data/blob/hipster.png;image/png;2021-03-14;73275
3;South Dakota FTP;Somoni redundant;../fake-data/blob/hipster.png;image/png;2021-03-14;74332
4;California Steel gen;even-keeled SCSI;../fake-data/blob/hipster.png;image/png;2021-03-14;10922
5;Central;program solid state;../fake-data/blob/hipster.png;image/png;2021-03-13;34172
6;Automotive Health;Metrics PCI Handcraf;../fake-data/blob/hipster.png;image/png;2021-03-14;39979
7;South Carolina;real-time empower;../fake-data/blob/hipster.png;image/png;2021-03-14;73563
8;azure;Bedfordshire interac;../fake-data/blob/hipster.png;image/png;2021-03-13;38099
9;Credit Card Account ;Research;../fake-data/blob/hipster.png;image/png;2021-03-13;17816
10;virtual;Auto Loan Account ra;../fake-data/blob/hipster.png;image/png;2021-03-14;50507
